{"accuracy": [0.5817625522613525, 0.8609716296195984, 0.9163667559623718], "loss": [1.4198665618896484, 0.43399763107299805, 0.2567651569843292], "val_accuracy": [0.8288185596466064, 0.9090598821640015, 0.9220919609069824], "val_loss": [0.5457966327667236, 0.2914532423019409, 0.24288757145404816]}